Test,Statistic,P_value,Result
ADF,-1.9000484522276895,0.3320383176060796,Non-stationary
KPSS,0.13798689903334022,0.06483907586418478,Stationary
Ljung-Box,41.10731722655598,1.0801043680186913e-05,Autocorrelation Present
