Test,Statistic,P_value,Result
ADF,-1.9000484522276901,0.33203831760607944,Non-stationary
KPSS,0.13798689903334316,0.06483907586417932,Stationary
Ljung-Box,41.10731722655598,1.0801043680186913e-05,Autocorrelation Present
